{
  "countries": [
    {
      "name": "Alabama",
      "population": 4000000,
      "global_score": 24,
      "neighbors": [
        "Florida",
        "Georgia",
        "Mississippi",
        "Tennessee"
      ],
      "id": "A"
    },
    {
      "name": "Alaska",
      "population": 730000,
      "global_score": 48,
      "neighbors": [
        "Hawaii",
        "Washington"
      ],
      "id": "B"
    },
    {
      "name": "Arizona",
      "population": 7000000,
      "global_score": 14,
      "neighbors": [
        "New Mexico",
        "California",
        "Nevada",
        "Utah"
      ],
      "id": "C"
    },
    {
      "name": "Arkansas",
      "population": 3000000,
      "global_score": 32,
      "neighbors": [
        "Louisiana",
        "Mississippi",
        "Missouri",
        "Oklahoma",
        "Tennessee",
        "Texas"
      ],
      "id": "D"
    },
    {
      "name": "California",
      "population": 39500000,
      "global_score": 1,
      "neighbors": [
        "Arizona",
        "Nevada",
        "Oregon",
        "Hawaii",
        "New York"
      ],
      "id": "E"
    },
    {
      "name": "Colorado",
      "population": 5600000,
      "global_score": 21,
      "neighbors": [
        "Arizona",
        "Kansas",
        "Nebraska",
        "New Mexico",
        "Oklahoma",
        "Utah",
        "Wyoming"
      ],
      "id": "F"
    },
    {
      "name": "Connecticut",
      "population": 3600000,
      "global_score": 29,
      "neighbors": [
        "Massachusetts",
        "New York",
        "Rhode Island"
      ],
      "id": "G"
    },
    {
      "name": "Delaware",
      "population": 1000000,
      "global_score": 45,
      "neighbors": [
        "Maryland",
        "New Jersey",
        "Pennsylvania"
      ],
      "id": "H"
    },
    {
      "name": "Florida",
      "population": 21000000,
      "global_score": 3,
      "neighbors": [
        "Alabama",
        "Georgia"
      ],
      "id": "I"
    },
    {
      "name": "Georgia",
      "population": 10400000,
      "global_score": 8,
      "neighbors": [
        "Alabama",
        "Florida",
        "North Carolina",
        "South Carolina",
        "Tennessee"
      ],
      "id": "J"
    },
    {
      "name": "Hawaii",
      "population": 1400000,
      "global_score": 40,
      "neighbors": [
        "Alaska",
        "California"
      ],
      "id": "K"
    },
    {
      "name": "Idaho",
      "population": 1700000,
      "global_score": 39,
      "neighbors": [
        "Montana",
        "Nevada",
        "Oregon",
        "Utah",
        "Washington",
        "Wyoming"
      ],
      "id": "L"
    },
    {
      "name": "Illinois",
      "population": 12800000,
      "global_score": 6,
      "neighbors": [
        "Indiana",
        "Iowa",
        "Michigan",
        "Kentucky",
        "Missouri",
        "Wisconsin"
      ],
      "id": "M"
    },
    {
      "name": "Indiana",
      "population": 7000000,
      "global_score": 17,
      "neighbors": [
        "Illinois",
        "Kentucky",
        "Michigan",
        "Ohio"
      ],
      "id": "N"
    },
    {
      "name": "Iowa",
      "population": 3100000,
      "global_score": 30,
      "neighbors": [
        "Illinois",
        "Minnesota",
        "Missouri",
        "Nebraska",
        "South Dakota",
        "Wisconsin"
      ],
      "id": "O"
    },
    {
      "name": "Kansas",
      "population": 2900000,
      "global_score": 35,
      "neighbors": [
        "Colorado",
        "Missouri",
        "Nebraska",
        "Oklahoma"
      ],
      "id": "P"
    },
    {
      "name": "Kentucky",
      "population": 4400000,
      "global_score": 26,
      "neighbors": [
        "Illinois",
        "Indiana",
        "Missouri",
        "Ohio",
        "Tennessee",
        "Virginia",
        "West Virginia"
      ],
      "id": "Q"
    },
    {
      "name": "Louisiana",
      "population": 4700000,
      "global_score": 25,
      "neighbors": [
        "Arkansas",
        "Mississippi",
        "Texas"
      ],
      "id": "R"
    },
    {
      "name": "Maine",
      "population": 1300000,
      "global_score": 42,
      "neighbors": [
        "New Hampshire"
      ],
      "id": "S"
    },
    {
      "name": "Maryland",
      "population": 6000000,
      "global_score": 19,
      "neighbors": [
        "Delaware",
        "Pennsylvania",
        "Virginia",
        "West Virginia"
      ],
      "id": "T"
    },
    {
      "name": "Massachusetts",
      "population": 6900000,
      "global_score": 15,
      "neighbors": [
        "Connecticut",
        "New Hampshire",
        "New York",
        "Rhode Island",
        "Vermont"
      ],
      "id": "U"
    },
    {
      "name": "Michigan",
      "population": 10000000,
      "global_score": 10,
      "neighbors": [
        "Illinois",
        "Indiana",
        "Ohio",
        "Wisconsin"
      ],
      "id": "V"
    },
    {
      "name": "Minnesota",
      "population": 5600000,
      "global_score": 22,
      "neighbors": [
        "Iowa",
        "North Dakota",
        "South Dakota",
        "Wisconsin"
      ],
      "id": "W"
    },
    {
      "name": "Mississippi",
      "population": 3000000,
      "global_score": 34,
      "neighbors": [
        "Alabama",
        "Arkanssas",
        "Louisiana",
        "Tennessee"
      ],
      "id": "X"
    },
    {
      "name": "Missouri",
      "population": 6100000,
      "global_score": 18,
      "neighbors": [
        "Arkansas",
        "Illinois",
        "Iowa",
        "Kansas",
        "Kentucky",
        "Nebraska",
        "Oklahoma",
        "Tennessee"
      ],
      "id": "Y"
    },
    {
      "name": "Montana",
      "population": 1000000,
      "global_score": 43,
      "neighbors": [
        "Idaho",
        "North Dakota",
        "South Dakota",
        "Wyoming"
      ],
      "id": "Z"
    },
    {
      "name": "Nebraska",
      "population": 1900000,
      "global_score": 37,
      "neighbors": [
        "Colorado",
        "Iowa",
        "Kansas",
        "Missouri",
        "South Dakota",
        "Wyoming"
      ],
      "id": "a"
    },
    {
      "name": "Nevada",
      "population": 3000000,
      "global_score": 32,
      "neighbors": [
        "Arizona",
        "California",
        "Idaho",
        "Oregon",
        "Utah"
      ],
      "id": "b"
    },
    {
      "name": "New Hampshire",
      "population": 1300000,
      "global_score": 41,
      "neighbors": [
        "Maine",
        "Massachusetts",
        "Vermont"
      ],
      "id": "c"
    },
    {
      "name": "New Jersey",
      "population": 9000000,
      "global_score": 11,
      "neighbors": [
        "Delaware",
        "New York",
        "Pennsylvania"
      ],
      "id": "d"
    },
    {
      "name": "New Mexico",
      "population": 2100000,
      "global_score": 36,
      "neighbors": [
        "Arizona",
        "Colorado",
        "Oklahoma",
        "Texas",
        "Utah"
      ],
      "id": "e"
    },
    {
      "name": "New York",
      "population": 20000000,
      "global_score": 4,
      "neighbors": [
        "Connecticut",
        "Massachusetts",
        "New Jersey",
        "Pennsylvania",
        "Vermont",
        "California"
      ],
      "id": "f"
    },
    {
      "name": "North Carolina",
      "population": 10300000,
      "global_score": 9,
      "neighbors": [
        "Georgia",
        "South Carolina",
        "Tennessee",
        "Virginia"
      ],
      "id": "g"
    },
    {
      "name": "North Dakota",
      "population": 800000,
      "global_score": 47,
      "neighbors": [
        "Minnesota",
        "Montana",
        "South Dakota"
      ],
      "id": "h"
    },
    {
      "name": "Ohio",
      "population": 11700000,
      "global_score": 7,
      "neighbors": [
        "Indiana",
        "Kentucky",
        "Michigan",
        "Pennsylvania",
        "West Virginia"
      ],
      "id": "i"
    },
    {
      "name": "Oklahoma",
      "population": 4000000,
      "global_score": 28,
      "neighbors": [
        "Arkansas",
        "Colorado",
        "Kansas",
        "Missouri",
        "New Mexico",
        "Texas"
      ],
      "id": "j"
    },
    {
      "name": "Oregon",
      "population": 4100000,
      "global_score": 27,
      "neighbors": [
        "California",
        "Idaho",
        "Nevada",
        "Washington"
      ],
      "id": "k"
    },
    {
      "name": "Pennsylvania",
      "population": 12800000,
      "global_score": 5,
      "neighbors": [
        "Delaware",
        "Maryland",
        "New Jersey",
        "New York",
        "Ohio",
        "West Virginia"
      ],
      "id": "l"
    },
    {
      "name": "Rhode Island",
      "population": 1000000,
      "global_score": 44,
      "neighbors": [
        "Connecticut",
        "Massachusetts"
      ],
      "id": "m"
    },
    {
      "name": "South Carolina",
      "population": 5100000,
      "global_score": 23,
      "neighbors": [
        "Georgia",
        "North Carolina"
      ],
      "id": "n"
    },
    {
      "name": "South Dakota",
      "population": 900000,
      "global_score": 46,
      "neighbors": [
        "Iowa",
        "Minnesota",
        "Montana",
        "Nebraska",
        "North Dakota",
        "Wyoming"
      ],
      "id": "o"
    },
    {
      "name": "Tennessee",
      "population": 6800000,
      "global_score": 16,
      "neighbors": [
        "Alabama",
        "Arkansas",
        "Georgia",
        "Kentucky",
        "Mississippi",
        "Missouri",
        "North Carolina",
        "Virginia"
      ],
      "id": "p"
    },
    {
      "name": "Texas",
      "population": 28700000,
      "global_score": 2,
      "neighbors": [
        "Arkansas",
        "Louisiana",
        "New Mexico",
        "Oklahoma"
      ],
      "id": "q"
    },
    {
      "name": "Utah",
      "population": 3100000,
      "global_score": 31,
      "neighbors": [
        "Arizona",
        "Colorado",
        "Idaho",
        "Nevada",
        "New Mexico",
        "Wyoming"
      ],
      "id": "r"
    },
    {
      "name": "Vermont",
      "population": 600000,
      "global_score": 49,
      "neighbors": [
        "Massachusetts",
        "New Hampshire",
        "New York"
      ],
      "id": "s"
    },
    {
      "name": "Virginia",
      "population": 8500000,
      "global_score": 12,
      "neighbors": [
        "Kentucky",
        "Maryland",
        "North Carolina",
        "Tennessee",
        "West Virginia"
      ],
      "id": "t"
    },
    {
      "name": "Washington",
      "population": 7500000,
      "global_score": 13,
      "neighbors": [
        "Idaho",
        "Oregon",
        "Hawaii",
        "Alaska"
      ],
      "id": "u"
    },
    {
      "name": "West Virginia",
      "population": 1800000,
      "global_score": 38,
      "neighbors": [
        "Kentucky",
        "Maryland",
        "Ohio",
        "Pennsylvania",
        "Virginia"
      ],
      "id": "v"
    },
    {
      "name": "Wisconsin",
      "population": 5800000,
      "global_score": 20,
      "neighbors": [
        "Illinois",
        "Iowa",
        "Michigan",
        "Minnesota"
      ],
      "id": "w"
    },
    {
      "name": "Wyoming",
      "population": 500000,
      "global_score": 50,
      "neighbors": [
        "Colorado",
        "Idaho",
        "Montana",
        "Nebraska",
        "South Dakota",
        "Utah"
      ],
      "id": "x"
    }
  ],
  "evolutions": [
    {
      "name": "livestock",
      "point_value": 20,
      "e_type": "spread",
      "boost": 0.01
    },
    {
      "name": "fluids",
      "point_value": 30,
      "e_type": "spread",
      "boost": 0.02
    },
    {
      "name": "foodborne",
      "point_value": 30,
      "e_type": "spread",
      "boost": 0.02
    },
    {
      "name": "waterborne",
      "point_value": 30,
      "e_type": "spread",
      "boost": 0.02
    },
    {
      "name": "airborne",
      "point_value": 35,
      "e_type": "spread",
      "boost": 0.025
    },
    {
      "name": "contact",
      "point_value": 35,
      "e_type": "spread",
      "boost": 0.025
    },
    {
      "name": "coughing",
      "point_value": 10,
      "e_type": "virulency",
      "boost": 0.099
    },
    {
      "name": "rash",
      "point_value": 20,
      "e_type": "virulency",
      "boost": 0.2
    },
    {
      "name": "vomit",
      "point_value": 25,
      "e_type": "virulency",
      "boost": 0.2
    },
    {
      "name": "fatigue",
      "point_value": 25,
      "e_type": "virulency",
      "boost": 0.2
    },
    {
      "name": "fever",
      "point_value": 40,
      "e_type": "virulency",
      "boost": 0.3
    }
  ]
}